<?xml version="1.0" encoding="UTF-8"?>
<project-private xmlns="http://www.netbeans.org/ns/project-private/1">
    <editor-bookmarks xmlns="http://www.netbeans.org/ns/editor-bookmarks/2" lastBookmarkId="0"/>
    <open-files xmlns="http://www.netbeans.org/ns/projectui-open-files/2">
        <group>
            <file>file:/C:/Users/anali/OneDrive/Desktop/ui-dashboard-007/ui-dashboard-007/src/com/raven/chart/LabelColor.java</file>
            <file>file:/C:/Users/anali/OneDrive/Desktop/ui-dashboard-007/ui-dashboard-007/src/com/raven/component/Header.java</file>
            <file>file:/C:/Users/anali/OneDrive/Desktop/ui-dashboard-007/ui-dashboard-007/src/com/raven/swing/progress/ProgressCircleUI.java</file>
            <file>file:/C:/Users/anali/OneDrive/Desktop/ui-dashboard-007/ui-dashboard-007/src/com/raven/chart/ModelLegend.java</file>
            <file>file:/C:/Users/anali/OneDrive/Desktop/ui-dashboard-007/ui-dashboard-007/src/com/raven/event/EventMenu.java</file>
            <file>file:/C:/Users/anali/OneDrive/Desktop/ui-dashboard-007/ui-dashboard-007/src/com/raven/chart/blankchart/BlankPlotChart.java</file>
            <file>file:/C:/Users/anali/OneDrive/Desktop/ui-dashboard-007/ui-dashboard-007/src/com/raven/main/R_Exito1.java</file>
            <file>file:/C:/Users/anali/OneDrive/Desktop/ui-dashboard-007/ui-dashboard-007/src/com/raven/component/Menu.java</file>
            <file>file:/C:/Users/anali/OneDrive/Desktop/ui-dashboard-007/ui-dashboard-007/src/com/raven/form/Form_1.java</file>
            <file>file:/C:/Users/anali/OneDrive/Desktop/ui-dashboard-007/ui-dashboard-007/src/com/raven/form/Form_4.java</file>
            <file>file:/C:/Users/anali/OneDrive/Desktop/ui-dashboard-007/ui-dashboard-007/src/com/raven/chart/Chart.java</file>
            <file>file:/C:/Users/anali/OneDrive/Desktop/ui-dashboard-007/ui-dashboard-007/src/com/raven/main/Login.java</file>
            <file>file:/C:/Users/anali/OneDrive/Desktop/ui-dashboard-007/ui-dashboard-007/src/com/raven/main/Reguistro.java</file>
            <file>file:/C:/Users/anali/OneDrive/Desktop/ui-dashboard-007/ui-dashboard-007/src/com/raven/chart/LegendItem.java</file>
            <file>file:/C:/Users/anali/OneDrive/Desktop/ui-dashboard-007/ui-dashboard-007/src/com/raven/swing/progress/Progress.java</file>
            <file>file:/C:/Users/anali/OneDrive/Desktop/ui-dashboard-007/ui-dashboard-007/src/com/raven/swing/ButtonBadges.java</file>
            <file>file:/C:/Users/anali/OneDrive/Desktop/ui-dashboard-007/ui-dashboard-007/src/com/raven/swing/ButtonMenu.java</file>
            <file>file:/C:/Users/anali/OneDrive/Desktop/ui-dashboard-007/ui-dashboard-007/src/com/raven/chart/blankchart/SeriesSize.java</file>
            <file>file:/C:/Users/anali/OneDrive/Desktop/ui-dashboard-007/ui-dashboard-007/src/com/raven/form/Notificaciones1.java</file>
            <file>file:/C:/Users/anali/OneDrive/Desktop/ui-dashboard-007/ui-dashboard-007/src/conexion/registrarUsuario.java</file>
            <file>file:/C:/Users/anali/OneDrive/Desktop/ui-dashboard-007/ui-dashboard-007/src/com/raven/form/Notificaciones.java</file>
            <file>file:/C:/Users/anali/OneDrive/Desktop/ui-dashboard-007/ui-dashboard-007/src/com/raven/swing/ImageAvatar.java</file>
            <file>file:/C:/Users/anali/OneDrive/Desktop/ui-dashboard-007/ui-dashboard-007/src/conexion/conexion.java</file>
            <file>file:/C:/Users/anali/OneDrive/Desktop/ui-dashboard-007/ui-dashboard-007/src/com/raven/swing/RoundPanel.java</file>
            <file>file:/C:/Users/anali/OneDrive/Desktop/ui-dashboard-007/ui-dashboard-007/src/com/raven/main/Recuperar.java</file>
            <file>file:/C:/Users/anali/OneDrive/Desktop/ui-dashboard-007/ui-dashboard-007/src/com/raven/form/Form_6.java</file>
            <file>file:/C:/Users/anali/OneDrive/Desktop/ui-dashboard-007/ui-dashboard-007/src/com/raven/form/Form.java</file>
            <file>file:/C:/Users/anali/OneDrive/Desktop/ui-dashboard-007/ui-dashboard-007/src/com/raven/form/Form_3.java</file>
            <file>file:/C:/Users/anali/OneDrive/Desktop/ui-dashboard-007/ui-dashboard-007/src/com/raven/form/From_7.java</file>
            <file>file:/C:/Users/anali/OneDrive/Desktop/ui-dashboard-007/ui-dashboard-007/src/com/raven/chart/blankchart/NiceScale.java</file>
            <file>file:/C:/Users/anali/OneDrive/Desktop/ui-dashboard-007/ui-dashboard-007/src/com/raven/main/Main.java</file>
            <file>file:/C:/Users/anali/OneDrive/Desktop/ui-dashboard-007/ui-dashboard-007/src/com/raven/main/R_exito.java</file>
            <file>file:/C:/Users/anali/OneDrive/Desktop/ui-dashboard-007/ui-dashboard-007/src/com/raven/form/Form_5.java</file>
            <file>file:/C:/Users/anali/OneDrive/Desktop/ui-dashboard-007/ui-dashboard-007/src/conexion/UsuarioDAO.java</file>
            <file>file:/C:/Users/anali/OneDrive/Desktop/ui-dashboard-007/ui-dashboard-007/src/com/raven/chart/LineChart.java</file>
            <file>file:/C:/Users/anali/OneDrive/Desktop/ui-dashboard-007/ui-dashboard-007/src/com/raven/chart/ModelChart.java</file>
            <file>file:/C:/Users/anali/OneDrive/Desktop/ui-dashboard-007/ui-dashboard-007/src/com/raven/form/Form_2.java</file>
            <file>file:/C:/Users/anali/OneDrive/Desktop/ui-dashboard-007/ui-dashboard-007/src/com/raven/chart/blankchart/BlankPlotChatRender.java</file>
        </group>
    </open-files>
</project-private>
