<?xml version="1.0" encoding="UTF-8"?>
<project-private xmlns="http://www.netbeans.org/ns/project-private/1">
    <editor-bookmarks xmlns="http://www.netbeans.org/ns/editor-bookmarks/2" lastBookmarkId="0"/>
    <open-files xmlns="http://www.netbeans.org/ns/projectui-open-files/2">
        <group>
            <file>file:/C:/Users/anali/OneDrive/Desktop/ui-dashboard-007/ui-dashboard-007/src/com/raven/form/Notificaciones.java</file>
            <file>file:/C:/Users/anali/OneDrive/Desktop/ui-dashboard-007/ui-dashboard-007/src/com/raven/form/Notificaciones1.java</file>
            <file>file:/C:/Users/anali/OneDrive/Desktop/ui-dashboard-007/ui-dashboard-007/src/com/raven/component/Header.java</file>
            <file>file:/C:/Users/anali/OneDrive/Desktop/ui-dashboard-007/ui-dashboard-007/src/com/raven/main/Recuperar.java</file>
            <file>file:/C:/Users/anali/OneDrive/Desktop/ui-dashboard-007/ui-dashboard-007/src/com/raven/form/Form_6.java</file>
            <file>file:/C:/Users/anali/OneDrive/Desktop/ui-dashboard-007/ui-dashboard-007/src/com/raven/form/Form.java</file>
            <file>file:/C:/Users/anali/OneDrive/Desktop/ui-dashboard-007/ui-dashboard-007/src/com/raven/form/Form_3.java</file>
            <file>file:/C:/Users/anali/OneDrive/Desktop/ui-dashboard-007/ui-dashboard-007/src/com/raven/form/From_7.java</file>
            <file>file:/C:/Users/anali/OneDrive/Desktop/ui-dashboard-007/ui-dashboard-007/src/com/raven/component/Menu.java</file>
            <file>file:/C:/Users/anali/OneDrive/Desktop/ui-dashboard-007/ui-dashboard-007/src/com/raven/main/Main.java</file>
            <file>file:/C:/Users/anali/OneDrive/Desktop/ui-dashboard-007/ui-dashboard-007/src/com/raven/form/Form_1.java</file>
            <file>file:/C:/Users/anali/OneDrive/Desktop/ui-dashboard-007/ui-dashboard-007/src/com/raven/main/PromanageAI.java</file>
            <file>file:/C:/Users/anali/OneDrive/Desktop/ui-dashboard-007/ui-dashboard-007/src/com/raven/chart/Chart.java</file>
            <file>file:/C:/Users/anali/OneDrive/Desktop/ui-dashboard-007/ui-dashboard-007/src/com/raven/main/Login.java</file>
            <file>file:/C:/Users/anali/OneDrive/Desktop/ui-dashboard-007/ui-dashboard-007/src/com/raven/form/Form_2.java</file>
            <file>file:/C:/Users/anali/OneDrive/Desktop/ui-dashboard-007/ui-dashboard-007/src/com/raven/main/Reguistro.java</file>
        </group>
    </open-files>
</project-private>
